{
"mysql": {
		"delay_time": 600, 
		"project_id": "123456789", 
		"url": "http://tw100043343.corpnet.auo.com/L7B/webservice/PostData_Mysql.asmx?wsdl",
		"proxy": {"http":"http://10.97.4.1:8080"},
		"connstr": "Database=ai_project;Data Source=TW100043343;User Id=l7b_web;Password=l7b$web;CharSet=utf8;SslMode=None;AllowPublicKeyRetrieval=true",
		"insert_sql":"INSERT IGNORE INTO `ai_project`.`project_record` (`project_id`,`status`,`update_time`) VALUES (\"{ip}\",\"{1}\",\"{2}\")"
	},
"ftp":{
	"ip" : "10.97.126.9",
	"ac" : "imt_ftp",
	"pw" : "imt$ftp"
	}
}